"","taxon","taxon_group","group"
"1","0","0","DINOFLAGELLATES"
"2","Acanthoica_cuatrospina","Acanthoica_cuatrospina","COCCOLITHOPHORIDS"
"3","Acanthoica_sp.","Acanthoica_sp.","COCCOLITHOPHORIDS"
"4","Achnanthes_cf._taeniata","Achnanthes_cf._taeniata","DIATOMS"
"5","Achnanthes_sp.","Achnanthes_sp.","DIATOMS"
"6","Alexandrium_cohorticola","Alexandrium_cohorticola","DINOFLAGELLATES"
"7","Alexandrium_monilatu","Alexandrium_monilatu","DINOFLAGELLATES"
"8","Alexandrium_sousae","Alexandrium_sousae","DINOFLAGELLATES"
"9","Alexandrium_sp.","Alexandrium_sp.","DINOFLAGELLATES"
"10","Alexandrium_tamarense","Alexandrium_tamarense","DINOFLAGELLATES"
"11","Alexandrium_tamarensis","Alexandrium_tamarensis","DINOFLAGELLATES"
"12","Amphiddinium_shroederi","Amphiddinium_shroederi","DINOFLAGELLATES"
"13","Amphiddinium_shroederii","Amphiddinium_shroederii","DINOFLAGELLATES"
"14","Amphidinium_klebsii","Amphidinium_klebsii","DINOFLAGELLATES"
"15","Amphidinium_shroederi","Amphidinium_shroederi","DINOFLAGELLATES"
"16","Amphidinium_sp.","Amphidinium_sp.","DINOFLAGELLATES"
"17","Amphidinium_turbo","Amphidinium_turbo","DINOFLAGELLATES"
"18","Amphisolenia_bidentata","Amphisolenia_bidentata","DINOFLAGELLATES"
"19","Amphisolenia_paleotheroide","Amphisolenia_paleotheroide","DINOFLAGELLATES"
"20","Amphora_laevis","Amphora_laevis","DIATOMS"
"21","Amphora_lineata","Amphora_lineata","DIATOMS"
"22","Amphora_sp","Amphora_sp","DIATOMS"
"23","Amphora_sp.","Amphora_sp.","DIATOMS"
"24","Anabaena","Anabaena","CYANOBACTERIA"
"25","Anabaena_sp.","Anabaena_sp.","CYANOBACTERIA"
"26","Anacystis_sp.","Anacystis_sp.","CYANOBACTERIA"
"27","Anoplosolenia_brasiliensi","Anoplosolenia_brasiliensi","COCCOLITHOPHORIDS"
"28","Anoplosolenia_brasiliensiS","Anoplosolenia_brasiliensiS","COCCOLITHOPHORIDS"
"29","Anoplosolenia_brasiliensis","Anoplosolenia_brasiliensis","COCCOLITHOPHORIDS"
"30","Anthosphaera_robusta","Anthosphaera_robusta","COCCOLITHOPHORIDS"
"31","Arthrospira_birgeii","Arthrospira_birgeii","CYANOBACTERIA"
"32","Asrerionellopsis_kariana","Asrerionellopsis_kariana","DIATOMS"
"33","Asterionellopsis_glacialis","Asterionellopsis_glacialis","DIATOMS"
"34","Asterionellopsis_japonica","Asterionellopsis_japonica","DIATOMS"
"35","Asterionellopsis_kariana","Asterionellopsis_kariana","DIATOMS"
"36","Asterionellopsis_sp.","Asterionellopsis_sp.","DIATOMS"
"37","Asterionellopsis_sp._(formosa)","Asterionellopsis_sp._(formosa)","DIATOMS"
"38","Asterodinium_sp.","Asterodinium_sp.","DINOFLAGELLATES"
"39","Asterodinium_spinosu","Asterodinium_spinosu","DINOFLAGELLATES"
"40","Asterolampra_sp.","Asterolampra_sp.","DIATOMS"
"41","Asteromphallus_flabelatus","Asteromphallus_flabelatus","DIATOMS"
"42","Asteromphallus_flabellatus","Asteromphallus_flabellatus","DIATOMS"
"43","Bacteriastrum_comosu","Bacteriastrum_comosu","DIATOMS"
"44","Bacteriastrum_delicatulu","Bacteriastrum_delicatulu","DIATOMS"
"45","Bacteriastrum_elongatu","Bacteriastrum_elongatu","DIATOMS"
"46","Bacteriastrum_hyalinu","Bacteriastrum_hyalinu","DIATOMS"
"47","Bacteriastrum_sp.","Bacteriastrum_sp.","DIATOMS"
"48","Bacteriosira_sp.","Bacteriosira_sp.","DIATOMS"
"49","Balechiana_coerulea","Balechiana_coerulea","DINOFLAGELLATES"
"50","Bellerochea_malleus","Bellerochea_malleus","DIATOMS"
"51","Bellerochea_sp.","Bellerochea_sp.","DIATOMS"
"52","Bellorochea_sp.","Bellorochea_sp.","DIATOMS"
"53","Biddulphia_cf._alternans","Biddulphia_cf._alternans","DIATOMS"
"54","Biddulphia_cf_alternans","Biddulphia_cf_alternans","DIATOMS"
"55","Bleakleya_notata","Bleakleya_notata","DIATOMS"
"56","Blepharocysta_splendor","Blepharocysta_splendor","DINOFLAGELLATES"
"57","Blepharocysta_splendor-maris","Blepharocysta_splendor-maris","DINOFLAGELLATES"
"58","Blepharocysta_splendormaris","Blepharocysta_splendormaris","DINOFLAGELLATES"
"59","Blepharocysta_splendors","Blepharocysta_splendors","DINOFLAGELLATES"
"60","Braarudosphaera_bigelowi","Braarudosphaera_bigelowi","COCCOLITHOPHORIDS"
"61","Brachidinium_capitatu","Brachidinium_capitatu","DINOFLAGELLATES"
"62","Brachidinium_sp.","Brachidinium_sp.","DINOFLAGELLATES"
"63","Brachiomonas","Brachiomonas","OTHERS"
"64","Brachiomonas_sp.","Brachiomonas_sp.","OTHERS"
"65","COCCOLITHOFORIDS_SPECIES","COCCOLITHOFORIDS_SPECIES","TOTAL"
"66","COCCOLITHOFORID_SPECIES","COCCOLITHOFORID_SPECIES","TOTAL"
"67","COCCOLITHOPHORIDS_ABUNDANCE","COCCOLITHOPHORIDS_ABUNDANCE","TOTAL"
"68","COCCOLITHOPHORIDS_SUBTOTAL","COCCOLITHOPHORIDS_SUBTOTAL","COCCOLITHOPHORIDS"
"69","COCCOLITHOPHORID_ABUNDANCE","COCCOLITHOPHORID_ABUNDANCE","TOTAL"
"70","COCCOLITHOPHORID_SPECIES","COCCOLITHOPHORID_SPECIES","TOTAL"
"71","CYANOBACTERIABUNDANCE","CYANOBACTERIABUNDANCE","TOTAL"
"72","CYANOBACTERISPECIES","CYANOBACTERISPECIES","TOTAL"
"73","Calcidiscus_leptoporus","Calcidiscus_leptoporus","COCCOLITHOPHORIDS"
"74","Calcidiscus_sp.","Calcidiscus_sp.","COCCOLITHOPHORIDS"
"75","Calciopapus_caudatus","Calciopapus_caudatus","COCCOLITHOPHORIDS"
"76","Calciosolenia_murrayii","Calciosolenia_murrayii","COCCOLITHOPHORIDS"
"77","Calypthorsphaera_sp.","Calypthorsphaera_sp.","COCCOLITHOPHORIDS"
"78","Calypthrolithina_pailifera","Calypthrolithina_pailifera","COCCOLITHOPHORIDS"
"79","Calyptrolithina","Calyptrolithina","COCCOLITHOPHORIDS"
"80","Calyptrolithophora_sp","Calyptrolithophora_sp","COCCOLITHOPHORIDS"
"81","Calyptrolithophora_sp.","Calyptrolithophora_sp.","COCCOLITHOPHORIDS"
"82","Calyptrolitthophora_sp.","Calyptrolitthophora_sp.","COCCOLITHOPHORIDS"
"83","Calyptrophora_sp.","Calyptrophora_sp.","COCCOLITHOPHORIDS"
"84","Calyptrosphaera_sphaerodidea","Calyptrosphaera_sphaerodidea","COCCOLITHOPHORIDS"
"85","Campilodiscus_sp.","Campilodiscus_sp.","DIATOMS"
"86","Campylosira_cymbeliformis","Campylosira_cymbeliformis","DIATOMS"
"87","Centric_diato","Centric_diato","DIATOMS"
"88","Centric_diatom_in_pairs","Centric_diatom_in_pairs","DIATOMS"
"89","Centric_diatomea","Centric_diatomea","DIATOMS"
"90","Centrodinium_maximu","Centrodinium_maximu","DINOFLAGELLATES"
"91","Centrodinium_sp.","Centrodinium_sp.","DINOFLAGELLATES"
"92","Cerataulina_bergonii","Cerataulina_bergonii","DIATOMS"
"93","Cerataulina_pelagica","Cerataulina_pelagica","DIATOMS"
"94","Cerataulus_pelagica","Cerataulus_pelagica","DIATOMS"
"95","Cerataulus_pelagicus","Cerataulus_pelagicus","DIATOMS"
"96","Cerataulus_sp.","Cerataulus_sp.","DIATOMS"
"97","Ceratholithus_cristatus","Ceratholithus_cristatus","COCCOLITHOPHORIDS"
"98","Ceratium_azoricu","Ceratium_azoricu","DINOFLAGELLATES"
"99","Ceratium_belone","Ceratium_belone","DINOFLAGELLATES"
"100","Ceratium_breve","Ceratium_breve","DINOFLAGELLATES"
"101","Ceratium_bucephalu","Ceratium_bucephalu","DINOFLAGELLATES"
"102","Ceratium_bucephalus","Ceratium_bucephalus","DINOFLAGELLATES"
"103","Ceratium_candelabru","Ceratium_candelabru","DINOFLAGELLATES"
"104","Ceratium_carriense","Ceratium_carriense","DINOFLAGELLATES"
"105","Ceratium_cf._Septatu","Ceratium_cf._Septatu","DINOFLAGELLATES"
"106","Ceratium_cf._septatu","Ceratium_cf._septatu","DINOFLAGELLATES"
"107","Ceratium_cf_septatu","Ceratium_cf_septatu","DINOFLAGELLATES"
"108","Ceratium_contortu","Ceratium_contortu","DINOFLAGELLATES"
"109","Ceratium_dens","Ceratium_dens","DINOFLAGELLATES"
"110","Ceratium_extensu","Ceratium_extensu","DINOFLAGELLATES"
"111","Ceratium_falcatiforme","Ceratium_falcatiforme","DINOFLAGELLATES"
"112","Ceratium_falcatu","Ceratium_falcatu","DINOFLAGELLATES"
"113","Ceratium_furca","Ceratium_furca","DINOFLAGELLATES"
"114","Ceratium_fusus","Ceratium_fusus","DINOFLAGELLATES"
"115","Ceratium_gibberu","Ceratium_gibberu","DINOFLAGELLATES"
"116","Ceratium_giberu","Ceratium_giberu","DINOFLAGELLATES"
"117","Ceratium_horridu","Ceratium_horridu","DINOFLAGELLATES"
"118","Ceratium_humile","Ceratium_humile","DINOFLAGELLATES"
"119","Ceratium_karsteini","Ceratium_karsteini","DINOFLAGELLATES"
"120","Ceratium_kofoidii","Ceratium_kofoidii","DINOFLAGELLATES"
"121","Ceratium_lineatu","Ceratium_lineatu","DINOFLAGELLATES"
"122","Ceratium_longinu","Ceratium_longinu","DINOFLAGELLATES"
"123","Ceratium_longipes","Ceratium_longipes","DINOFLAGELLATES"
"124","Ceratium_macroceros","Ceratium_macroceros","DINOFLAGELLATES"
"125","Ceratium_massiliense","Ceratium_massiliense","DINOFLAGELLATES"
"126","Ceratium_minutu","Ceratium_minutu","DINOFLAGELLATES"
"127","Ceratium_pentagonu","Ceratium_pentagonu","DINOFLAGELLATES"
"128","Ceratium_praelongu","Ceratium_praelongu","DINOFLAGELLATES"
"129","Ceratium_ranipes","Ceratium_ranipes","DINOFLAGELLATES"
"130","Ceratium_symmeticu","Ceratium_symmeticu","DINOFLAGELLATES"
"131","Ceratium_symmetricu","Ceratium_symmetricu","DINOFLAGELLATES"
"132","Ceratium_teres","Ceratium_teres","DINOFLAGELLATES"
"133","Ceratium_trichoceros","Ceratium_trichoceros","DINOFLAGELLATES"
"134","Ceratium_tripos","Ceratium_tripos","DINOFLAGELLATES"
"135","Ceratium_vultur","Ceratium_vultur","DINOFLAGELLATES"
"136","Ceratocorys_horrida","Ceratocorys_horrida","DINOFLAGELLATES"
"137","Cerratium_vultur","Cerratium_vultur","DINOFLAGELLATES"
"138","Chaeto_crossed_setae","Chaeto_crossed_setae","DIATOMS"
"139","Chaeto_setas_cruzadas","Chaeto_setas_cruzadas","DIATOMS"
"140","Chaetoceros_affinis","Chaetoceros_affinis","DIATOMS"
"141","Chaetoceros_anastomosans","Chaetoceros_anastomosans","DIATOMS"
"142","Chaetoceros_anatomosans","Chaetoceros_anatomosans","DIATOMS"
"143","Chaetoceros_atlanticus","Chaetoceros_atlanticus","DIATOMS"
"144","Chaetoceros_breve","Chaetoceros_breve","DIATOMS"
"145","Chaetoceros_c._holsaticus","Chaetoceros_c._holsaticus","DIATOMS"
"146","Chaetoceros_castracanei","Chaetoceros_castracanei","DIATOMS"
"147","Chaetoceros_cf._holsaticus","Chaetoceros_cf._holsaticus","DIATOMS"
"148","Chaetoceros_cf._neglectus","Chaetoceros_cf._neglectus","DIATOMS"
"149","Chaetoceros_cf.neglectus","Chaetoceros_cf.neglectus","DIATOMS"
"150","Chaetoceros_cf_holsaticus","Chaetoceros_cf_holsaticus","DIATOMS"
"151","Chaetoceros_coarctatus","Chaetoceros_coarctatus","DIATOMS"
"152","Chaetoceros_compress","Chaetoceros_compress","DIATOMS"
"153","Chaetoceros_compressu","Chaetoceros_compressu","DIATOMS"
"154","Chaetoceros_compressus","Chaetoceros_compressus","DIATOMS"
"155","Chaetoceros_concavicor","Chaetoceros_concavicor","DIATOMS"
"156","Chaetoceros_concavicoris","Chaetoceros_concavicoris","DIATOMS"
"157","Chaetoceros_concavicornis","Chaetoceros_concavicornis","DIATOMS"
"158","Chaetoceros_constrictu","Chaetoceros_constrictu","DIATOMS"
"159","Chaetoceros_convolutus","Chaetoceros_convolutus","DIATOMS"
"160","Chaetoceros_costatus","Chaetoceros_costatus","DIATOMS"
"161","Chaetoceros_crossed_setae","Chaetoceros_crossed_setae","DIATOMS"
"162","Chaetoceros_curvisetus","Chaetoceros_curvisetus","DIATOMS"
"163","Chaetoceros_danicu","Chaetoceros_danicu","DIATOMS"
"164","Chaetoceros_debilis","Chaetoceros_debilis","DIATOMS"
"165","Chaetoceros_decipiens","Chaetoceros_decipiens","DIATOMS"
"166","Chaetoceros_diadema","Chaetoceros_diadema","DIATOMS"
"167","Chaetoceros_dichaeta","Chaetoceros_dichaeta","DIATOMS"
"168","Chaetoceros_dydimus","Chaetoceros_dydimus","DIATOMS"
"169","Chaetoceros_falax","Chaetoceros_falax","DIATOMS"
"170","Chaetoceros_gigante","Chaetoceros_gigante","DIATOMS"
"171","Chaetoceros_gracilis","Chaetoceros_gracilis","DIATOMS"
"172","Chaetoceros_karianu","Chaetoceros_karianu","DIATOMS"
"173","Chaetoceros_karianus","Chaetoceros_karianus","DIATOMS"
"174","Chaetoceros_laciniosus","Chaetoceros_laciniosus","DIATOMS"
"175","Chaetoceros_lacionosus","Chaetoceros_lacionosus","DIATOMS"
"176","Chaetoceros_laevis","Chaetoceros_laevis","DIATOMS"
"177","Chaetoceros_large","Chaetoceros_large","DIATOMS"
"178","Chaetoceros_lauckii","Chaetoceros_lauckii","DIATOMS"
"179","Chaetoceros_lauderi","Chaetoceros_lauderi","DIATOMS"
"180","Chaetoceros_lorenzianus","Chaetoceros_lorenzianus","DIATOMS"
"181","Chaetoceros_messanensis","Chaetoceros_messanensis","DIATOMS"
"182","Chaetoceros_pelagicus","Chaetoceros_pelagicus","DIATOMS"
"183","Chaetoceros_pendulus","Chaetoceros_pendulus","DIATOMS"
"184","Chaetoceros_pseudocur","Chaetoceros_pseudocur","DIATOMS"
"185","Chaetoceros_pseudocurvisetus","Chaetoceros_pseudocurvisetus","DIATOMS"
"186","Chaetoceros_radicans","Chaetoceros_radicans","DIATOMS"
"187","Chaetoceros_socialis","Chaetoceros_socialis","DIATOMS"
"188","Chaetoceros_sp","Chaetoceros_sp","DIATOMS"
"189","Chaetoceros_sp.","Chaetoceros_sp.","DIATOMS"
"190","Chaetoceros_sp._2","Chaetoceros_sp._2","DIATOMS"
"191","Chaetoceros_sp._3","Chaetoceros_sp._3","DIATOMS"
"192","Chaetoceros_sp._Z","Chaetoceros_sp._Z","DIATOMS"
"193","Chaetoceros_sp._crossed_seta","Chaetoceros_sp._crossed_seta","DIATOMS"
"194","Chaetoceros_sp._crossed_setae","Chaetoceros_sp._crossed_setae","DIATOMS"
"195","Chaetoceros_sp._large","Chaetoceros_sp._large","DIATOMS"
"196","Chaetoceros_sp2","Chaetoceros_sp2","DIATOMS"
"197","Chaetoceros_sp3","Chaetoceros_sp3","DIATOMS"
"198","Chaetoceros_spZ","Chaetoceros_spZ","DIATOMS"
"199","Chaetoceros_subsecundus","Chaetoceros_subsecundus","DIATOMS"
"200","Chaetoceros_subtilis","Chaetoceros_subtilis","DIATOMS"
"201","Chaetoceros_tenuissimus","Chaetoceros_tenuissimus","DIATOMS"
"202","Chaetoceros_teres","Chaetoceros_teres","DIATOMS"
"203","Chaetoceros_tetrastichon","Chaetoceros_tetrastichon","DIATOMS"
"204","Chaetoceros_tortissima","Chaetoceros_tortissima","DIATOMS"
"205","Chaetoeros_sp._Z","Chaetoeros_sp._Z","DIATOMS"
"206","Chaetoros_crossed_setae","Chaetoros_crossed_setae","DIATOMS"
"207","Chaetoros_sp._crossed_setae","Chaetoros_sp._crossed_setae","DIATOMS"
"208","Chain_diato","Chain_diato","DIATOMS"
"209","Chained_diato","Chained_diato","DIATOMS"
"210","Chatonella_sp.","Chatonella_sp.","OTHERS"
"211","Chlorophyte","Chlorophyte","OTHERS"
"212","Chrysochomulina_sp.","Chrysochomulina_sp.","OTHERS"
"213","Chrysochromulina_sp.","Chrysochromulina_sp.","OTHERS"
"214","Cianobacteria_colonial","Cianobacteria_colonial","CYANOBACTERIA"
"215","Cianobacteria_filamentos","Cianobacteria_filamentos","CYANOBACTERIA"
"216","Cianobacteria_filamentosa","Cianobacteria_filamentosa","CYANOBACTERIA"
"217","Cladopyxis_sp.","Cladopyxis_sp.","DINOFLAGELLATES"
"218","Climacodium_frauenfeldia","Climacodium_frauenfeldia","DIATOMS"
"219","Climacodium_frauenfeldianu","Climacodium_frauenfeldianu","DIATOMS"
"220","Climacodium_sp.","Climacodium_sp.","DIATOMS"
"221","Coccoid_cyanobacteria","Coccoid_cyanobacteria","CYANOBACTERIA"
"222","Coccolithophorid","Coccolithophorid","COCCOLITHOPHORIDS"
"223","Coccolithus_hulburtianus","Coccolithus_hulburtianus","COCCOLITHOPHORIDS"
"224","Cocconeis_sp.","Cocconeis_sp.","DIATOMS"
"225","Cochlodinium_faurez","Cochlodinium_faurez","DINOFLAGELLATES"
"226","Cochlodinium_polykrikoides","Cochlodinium_polykrikoides","DINOFLAGELLATES"
"227","Cochlodinium_polykrikoios","Cochlodinium_polykrikoios","DINOFLAGELLATES"
"228","Cochlodinium_sp.","Cochlodinium_sp.","DINOFLAGELLATES"
"229","Cochlodinium_strangulatu","Cochlodinium_strangulatu","DINOFLAGELLATES"
"230","Cochlodinium_virescens","Cochlodinium_virescens","DINOFLAGELLATES"
"231","Cocolithophorid","Cocolithophorid","COCCOLITHOPHORIDS"
"232","Colonia_palmeloide","Colonia_palmeloide","OTHERS"
"233","Colonial_Cyanobacteria","Colonial_Cyanobacteria","CYANOBACTERIA"
"234","Colonial_cianobacteria","Colonial_cianobacteria","CYANOBACTERIA"
"235","Colonial_cyanobacteria","Colonial_cyanobacteria","CYANOBACTERIA"
"236","Colonial_cyanobacteria_colonial","Colonial_cyanobacteria_colonial","CYANOBACTERIA"
"237","Colonial_cyanobacteriu","Colonial_cyanobacteriu","CYANOBACTERIA"
"238","Congritidium_sp.","Congritidium_sp.","DINOFLAGELLATES"
"239","Corethron_histryx","Corethron_histryx","DIATOMS"
"240","Coscinodiscus_centralis","Coscinodiscus_centralis","DIATOMS"
"241","Coscinodiscus_excentricus","Coscinodiscus_excentricus","DIATOMS"
"242","Coscinodiscus_granii","Coscinodiscus_granii","DIATOMS"
"243","Coscinodiscus_nitidus","Coscinodiscus_nitidus","DIATOMS"
"244","Coscinodiscus_perforatu","Coscinodiscus_perforatu","DIATOMS"
"245","Coscinodiscus_perforatus","Coscinodiscus_perforatus","DIATOMS"
"246","Coscinodiscus_sp.","Coscinodiscus_sp.","DIATOMS"
"247","Coscinodiscus_wailessii","Coscinodiscus_wailessii","DIATOMS"
"248","Coscinoscira_polychorda","Coscinoscira_polychorda","DIATOMS"
"249","Coscinoscira_sp.","Coscinoscira_sp.","DIATOMS"
"250","Coscinosira_sp.","Coscinosira_sp.","DIATOMS"
"251","Cyclolithella_ferrazaae","Cyclolithella_ferrazaae","COCCOLITHOPHORIDS"
"252","Cyclolithella_ferrazae","Cyclolithella_ferrazae","COCCOLITHOPHORIDS"
"253","Cyclolithella_sp.","Cyclolithella_sp.","COCCOLITHOPHORIDS"
"254","Cyclotella_sp.","Cyclotella_sp.","DIATOMS"
"255","Cyclotella_striata","Cyclotella_striata","DIATOMS"
"256","Cylindrodrotheca_closteriu","Cylindrodrotheca_closteriu","DIATOMS"
"257","Cylindroteca_closteriu","Cylindroteca_closteriu","DIATOMS"
"258","Cylindrotheca_closteriu","Cylindrotheca_closteriu","DIATOMS"
"259","DIATOM_ABUNDANCE","DIATOM_ABUNDANCE","TOTAL"
"260","DIATOM_SPECIES","DIATOM_SPECIES","TOTAL"
"261","DINOFLAGELLATES_ABUNDANCE","DINOFLAGELLATES_ABUNDANCE","TOTAL"
"262","DINOFLAGELLATES_SPECIES","DINOFLAGELLATES_SPECIES","TOTAL"
"263","DINOFLAGELLATE_ABUNDANCE","DINOFLAGELLATE_ABUNDANCE","TOTAL"
"264","DINOFLAGELLATE_SPECIES","DINOFLAGELLATE_SPECIES","TOTAL"
"265","Dactyliosolen_fragiliosimus","Dactyliosolen_fragiliosimus","DIATOMS"
"266","Dactyliosolen_fragilisimu","Dactyliosolen_fragilisimu","DIATOMS"
"267","Dactyliosolen_fragilissimus","Dactyliosolen_fragilissimus","DIATOMS"
"268","Dactyliosolen_mediterran","Dactyliosolen_mediterran","DIATOMS"
"269","Dactyliosolen_mediterranea","Dactyliosolen_mediterranea","DIATOMS"
"270","Dactyliosolen_mediterraneu","Dactyliosolen_mediterraneu","DIATOMS"
"271","Dactyliosolen_mediterraneus","Dactyliosolen_mediterraneus","DIATOMS"
"272","Dactyliosolen_sp.","Dactyliosolen_sp.","DIATOMS"
"273","Detonula_pumila","Detonula_pumila","DIATOMS"
"274","Diato_centrica_pequena","Diato_centrica_pequena","DIATOMS"
"275","Diatom_X","Diatom_X","DIATOMS"
"276","Diatom_in_chains","Diatom_in_chains","DIATOMS"
"277","Diatomea_X","Diatomea_X","DIATOMS"
"278","Diatomea_centrica","Diatomea_centrica","DIATOMS"
"279","Diatomea_en_cadena","Diatomea_en_cadena","DIATOMS"
"280","Dicosphaera_tubifer","Dicosphaera_tubifer","COCCOLITHOPHORIDS"
"281","Dictyoca_fibula","Dictyoca_fibula","OTHERS"
"282","Dictyoca_speculu","Dictyoca_speculu","OTHERS"
"283","Dimmerogramma_fulvu","Dimmerogramma_fulvu","DIATOMS"
"284","Dinoflagelado_a","Dinoflagelado_a","DINOFLAGELLATES"
"285","Dinoflagelado_descadena","Dinoflagelado_descadena","DINOFLAGELLATES"
"286","Dinoflagelado_desnudo2","Dinoflagelado_desnudo2","DINOFLAGELLATES"
"287","Dinoflagelado_desnudo_2","Dinoflagelado_desnudo_2","DINOFLAGELLATES"
"288","Dinoflagellate","Dinoflagellate","DINOFLAGELLATES"
"289","Dinoflagellate_a","Dinoflagellate_a","DINOFLAGELLATES"
"290","Dinophisis_fibula","Dinophisis_fibula","DINOFLAGELLATES"
"291","Dinophisys_ovu","Dinophisys_ovu","DINOFLAGELLATES"
"292","Dinophisys_sp","Dinophisys_sp","DINOFLAGELLATES"
"293","Dinophyis_fibula","Dinophyis_fibula","DINOFLAGELLATES"
"294","Dinophysis_acuminata","Dinophysis_acuminata","DINOFLAGELLATES"
"295","Dinophysis_caudata","Dinophysis_caudata","DINOFLAGELLATES"
"296","Dinophysis_cf._sacculus","Dinophysis_cf._sacculus","DINOFLAGELLATES"
"297","Dinophysis_cf_sacculus","Dinophysis_cf_sacculus","DINOFLAGELLATES"
"298","Dinophysis_exhigua","Dinophysis_exhigua","DINOFLAGELLATES"
"299","Dinophysis_exigua","Dinophysis_exigua","DINOFLAGELLATES"
"300","Dinophysis_fibula","Dinophysis_fibula","DINOFLAGELLATES"
"301","Dinophysis_hastata","Dinophysis_hastata","DINOFLAGELLATES"
"302","Dinophysis_okamurai","Dinophysis_okamurai","DINOFLAGELLATES"
"303","Dinophysis_ovu","Dinophysis_ovu","DINOFLAGELLATES"
"304","Dinophysis_sp","Dinophysis_sp","DINOFLAGELLATES"
"305","Dinophysis_sp.","Dinophysis_sp.","DINOFLAGELLATES"
"306","Dinophysis_sp.2","Dinophysis_sp.2","DINOFLAGELLATES"
"307","Dinophysis_sp._2","Dinophysis_sp._2","DINOFLAGELLATES"
"308","Dinopyhsis_fibula","Dinopyhsis_fibula","DINOFLAGELLATES"
"309","Diploneis_bombus","Diploneis_bombus","DIATOMS"
"310","Diploneis_cabro","Diploneis_cabro","DIATOMS"
"311","Diploneis_sp","Diploneis_sp","DIATOMS"
"312","Diploneis_sp.","Diploneis_sp.","DIATOMS"
"313","Diplopsalis_lenticula","Diplopsalis_lenticula","DINOFLAGELLATES"
"314","Diplopsalis_rotunda","Diplopsalis_rotunda","DINOFLAGELLATES"
"315","Diplopsallis_lenticula","Diplopsallis_lenticula","DINOFLAGELLATES"
"316","Disodinium_gerbautii","Disodinium_gerbautii","DINOFLAGELLATES"
"317","Dunaliella_sp.","Dunaliella_sp.","OTHERS"
"318","Dytilum_brightwelli","Dytilum_brightwelli","DIATOMS"
"319","Ebria_tripartita","Ebria_tripartita","OTHERS"
"320","Emiliania-Gephyrocapsa","Emiliania-Gephyrocapsa","COCCOLITHOPHORIDS"
"321","Emiliania_huxleyi","Emiliania_huxleyi","COCCOLITHOPHORIDS"
"322","Emiliania_huxluyii","Emiliania_huxluyii","COCCOLITHOPHORIDS"
"323","Entomoneis_alata","Entomoneis_alata","DIATOMS"
"324","Entomoneis_alata_)","Entomoneis_alata_)","DIATOMS"
"325","Entomoneis_alata_Amphi","Entomoneis_alata_Amphi","DIATOMS"
"326","Erythropsidinium_sp.","Erythropsidinium_sp.","DINOFLAGELLATES"
"327","Estrelladiniu","Estrelladiniu","DINOFLAGELLATES"
"328","Estrelladinium_SP.","Estrelladinium_SP.","DINOFLAGELLATES"
"329","Estrelladinium_sp.","Estrelladinium_sp.","DINOFLAGELLATES"
"330","Estrelladiniumsp.","Estrelladiniumsp.","DINOFLAGELLATES"
"331","Eucampia_cornuta","Eucampia_cornuta","DIATOMS"
"332","Eucampia_groelandica","Eucampia_groelandica","DIATOMS"
"333","Eucampia_groenlandica","Eucampia_groenlandica","DIATOMS"
"334","Eucampia_sp.","Eucampia_sp.","DIATOMS"
"335","Eucampia_zodiacus","Eucampia_zodiacus","DIATOMS"
"336","Euglenofita","Euglenofita","OTHERS"
"337","Euglenophyte","Euglenophyte","OTHERS"
"338","Eunotia","Eunotia","DIATOMS"
"339","Eunotia_sp.","Eunotia_sp.","DIATOMS"
"340","Eutreptia_sp","Eutreptia_sp","OTHERS"
"341","Eutreptia_sp.","Eutreptia_sp.","OTHERS"
"342","Eutreptiella_gymnastica","Eutreptiella_gymnastica","OTHERS"
"343","Eutreptiella_sp","Eutreptiella_sp","OTHERS"
"344","Eutreptiella_sp.","Eutreptiella_sp.","OTHERS"
"345","Filamentous_Cyanobacteria","Filamentous_Cyanobacteria","CYANOBACTERIA"
"346","Filamentous_cyanobacteria","Filamentous_cyanobacteria","CYANOBACTERIA"
"347","Filamentous_cyanobacteriu","Filamentous_cyanobacteriu","CYANOBACTERIA"
"348","Flagelados","Flagelados","OTHERS"
"349","Flagellates","Flagellates","OTHERS"
"350","Fragilariopsis_sp.","Fragilariopsis_sp.","DIATOMS"
"351","Fragilidium_sp.","Fragilidium_sp.","DINOFLAGELLATES"
"352","Fragillaria_sp.","Fragillaria_sp.","DIATOMS"
"353","Fragillariopsis_cf._Oceanicu","Fragillariopsis_cf._Oceanicu","DIATOMS"
"354","Fragillariopsis_cf._oceanica","Fragillariopsis_cf._oceanica","DIATOMS"
"355","Fragillariopsis_cf._oceanicu","Fragillariopsis_cf._oceanicu","DIATOMS"
"356","Fragillariopsis_cf_oceanica","Fragillariopsis_cf_oceanica","DIATOMS"
"357","Fragillariopsis_cf_oceanicu","Fragillariopsis_cf_oceanicu","DIATOMS"
"358","Fragillariopsis_sp.","Fragillariopsis_sp.","DIATOMS"
"359","Girodinium_acuminatu","Girodinium_acuminatu","DINOFLAGELLATES"
"360","Glenodinium_sp.","Glenodinium_sp.","DINOFLAGELLATES"
"361","Gloeotrichia_echinulata","Gloeotrichia_echinulata","CYANOBACTERIA"
"362","Gomyalax_fragilis","Gomyalax_fragilis","DINOFLAGELLATES"
"363","Goniodoma_acuminatus","Goniodoma_acuminatus","DINOFLAGELLATES"
"364","Goniodoma_polyedricu","Goniodoma_polyedricu","DINOFLAGELLATES"
"365","Goniodoma_sp.","Goniodoma_sp.","DINOFLAGELLATES"
"366","Gonodioma_sphaericu","Gonodioma_sphaericu","DINOFLAGELLATES"
"367","Gonyalux_fragilis","Gonyalux_fragilis","DINOFLAGELLATES"
"368","Gonyaulax_apiculata","Gonyaulax_apiculata","DINOFLAGELLATES"
"369","Gonyaulax_diegensis","Gonyaulax_diegensis","DINOFLAGELLATES"
"370","Gonyaulax_digitale","Gonyaulax_digitale","DINOFLAGELLATES"
"371","Gonyaulax_fragilis","Gonyaulax_fragilis","DINOFLAGELLATES"
"372","Gonyaulax_minuta","Gonyaulax_minuta","DINOFLAGELLATES"
"373","Gonyaulax_polygramma","Gonyaulax_polygramma","DINOFLAGELLATES"
"374","Gonyaulax_quinquecorne","Gonyaulax_quinquecorne","DINOFLAGELLATES"
"375","Gonyaulax_sp","Gonyaulax_sp","DINOFLAGELLATES"
"376","Gonyaulax_sp.","Gonyaulax_sp.","DINOFLAGELLATES"
"377","Gonyaulax_spinifera","Gonyaulax_spinifera","DINOFLAGELLATES"
"378","Gonyaulax_turbiney","Gonyaulax_turbiney","DINOFLAGELLATES"
"379","Grammatophora_marina","Grammatophora_marina","DIATOMS"
"380","Grammatophora_serpen","Grammatophora_serpen","DIATOMS"
"381","Grammatophora_serpentina","Grammatophora_serpentina","DIATOMS"
"382","Grammatophora_sp.","Grammatophora_sp.","DIATOMS"
"383","Grammatphora_serpentina","Grammatphora_serpentina","DIATOMS"
"384","Green_flagellate","Green_flagellate","OTHERS"
"385","Guinardia_cylindrus","Guinardia_cylindrus","DIATOMS"
"386","Guinardia_delicatula","Guinardia_delicatula","DIATOMS"
"387","Guinardia_flaccida","Guinardia_flaccida","DIATOMS"
"388","Guinardia_sp.","Guinardia_sp.","DIATOMS"
"389","Guinardia_striata","Guinardia_striata","DIATOMS"
"390","Gymnodinim_sp.","Gymnodinim_sp.","DINOFLAGELLATES"
"391","Gymnodinim_splendens","Gymnodinim_splendens","DINOFLAGELLATES"
"392","Gymnodinium_acuminatu","Gymnodinium_acuminatu","DINOFLAGELLATES"
"393","Gymnodinium_catenatu","Gymnodinium_catenatu","DINOFLAGELLATES"
"394","Gymnodinium_cf._gracile","Gymnodinium_cf._gracile","DINOFLAGELLATES"
"395","Gymnodinium_conicu","Gymnodinium_conicu","DINOFLAGELLATES"
"396","Gymnodinium_flavus","Gymnodinium_flavus","DINOFLAGELLATES"
"397","Gymnodinium_gelbu","Gymnodinium_gelbu","DINOFLAGELLATES"
"398","Gymnodinium_gibberu","Gymnodinium_gibberu","DINOFLAGELLATES"
"399","Gymnodinium_lyra","Gymnodinium_lyra","DINOFLAGELLATES"
"400","Gymnodinium_mirabile","Gymnodinium_mirabile","DINOFLAGELLATES"
"401","Gymnodinium_mitratu","Gymnodinium_mitratu","DINOFLAGELLATES"
"402","Gymnodinium_ochraceu","Gymnodinium_ochraceu","DINOFLAGELLATES"
"403","Gymnodinium_pequegno","Gymnodinium_pequegno","DINOFLAGELLATES"
"404","Gymnodinium_punctatu","Gymnodinium_punctatu","DINOFLAGELLATES"
"405","Gymnodinium_rotundatu","Gymnodinium_rotundatu","DINOFLAGELLATES"
"406","Gymnodinium_rubru","Gymnodinium_rubru","DINOFLAGELLATES"
"407","Gymnodinium_sanguine","Gymnodinium_sanguine","DINOFLAGELLATES"
"408","Gymnodinium_sanguinea","Gymnodinium_sanguinea","DINOFLAGELLATES"
"409","Gymnodinium_sanguineu","Gymnodinium_sanguineu","DINOFLAGELLATES"
"410","Gymnodinium_scopulosu","Gymnodinium_scopulosu","DINOFLAGELLATES"
"411","Gymnodinium_small","Gymnodinium_small","DINOFLAGELLATES"
"412","Gymnodinium_sp","Gymnodinium_sp","DINOFLAGELLATES"
"413","Gymnodinium_sp.","Gymnodinium_sp.","DINOFLAGELLATES"
"414","Gymnodinium_sp._Large","Gymnodinium_sp._Large","DINOFLAGELLATES"
"415","Gymnodinium_sp._Small","Gymnodinium_sp._Small","DINOFLAGELLATES"
"416","Gymnodinium_sp._gran","Gymnodinium_sp._gran","DINOFLAGELLATES"
"417","Gymnodinium_sp._large","Gymnodinium_sp._large","DINOFLAGELLATES"
"418","Gymnodinium_sp._small","Gymnodinium_sp._small","DINOFLAGELLATES"
"419","Gymnodinium_splendens","Gymnodinium_splendens","DINOFLAGELLATES"
"420","Gymnodinium_striatu","Gymnodinium_striatu","DINOFLAGELLATES"
"421","Gymnodinium_variabile","Gymnodinium_variabile","DINOFLAGELLATES"
"422","Gyrodinium_acuminatu","Gyrodinium_acuminatu","DINOFLAGELLATES"
"423","Gyrodinium_af._grave","Gyrodinium_af._grave","DINOFLAGELLATES"
"424","Gyrodinium_aff._grave","Gyrodinium_aff._grave","DINOFLAGELLATES"
"425","Gyrodinium_aff_grave","Gyrodinium_aff_grave","DINOFLAGELLATES"
"426","Gyrodinium_biconicu","Gyrodinium_biconicu","DINOFLAGELLATES"
"427","Gyrodinium_cf._aciculatu","Gyrodinium_cf._aciculatu","DINOFLAGELLATES"
"428","Gyrodinium_cf._acutu","Gyrodinium_cf._acutu","DINOFLAGELLATES"
"429","Gyrodinium_cf._gracile","Gyrodinium_cf._gracile","DINOFLAGELLATES"
"430","Gyrodinium_cf._pingue","Gyrodinium_cf._pingue","DINOFLAGELLATES"
"431","Gyrodinium_cf.acutu","Gyrodinium_cf.acutu","DINOFLAGELLATES"
"432","Gyrodinium_cf_acutu","Gyrodinium_cf_acutu","DINOFLAGELLATES"
"433","Gyrodinium_fissu","Gyrodinium_fissu","DINOFLAGELLATES"
"434","Gyrodinium_fisu","Gyrodinium_fisu","DINOFLAGELLATES"
"435","Gyrodinium_foliaceu","Gyrodinium_foliaceu","DINOFLAGELLATES"
"436","Gyrodinium_fulvu","Gyrodinium_fulvu","DINOFLAGELLATES"
"437","Gyrodinium_fusiforme","Gyrodinium_fusiforme","DINOFLAGELLATES"
"438","Gyrodinium_fusiformis","Gyrodinium_fusiformis","DINOFLAGELLATES"
"439","Gyrodinium_lachrima","Gyrodinium_lachrima","DINOFLAGELLATES"
"440","Gyrodinium_lachryma","Gyrodinium_lachryma","DINOFLAGELLATES"
"441","Gyrodinium_lacrima","Gyrodinium_lacrima","DINOFLAGELLATES"
"442","Gyrodinium_nasutu","Gyrodinium_nasutu","DINOFLAGELLATES"
"443","Gyrodinium_pingue","Gyrodinium_pingue","DINOFLAGELLATES"
"444","Gyrodinium_pingüe","Gyrodinium_pingüe","DINOFLAGELLATES"
"445","Gyrodinium_sp","Gyrodinium_sp","DINOFLAGELLATES"
"446","Gyrodinium_sp.","Gyrodinium_sp.","DINOFLAGELLATES"
"447","Gyrodinium_sp._3","Gyrodinium_sp._3","DINOFLAGELLATES"
"448","Gyrodinium_sp_.3","Gyrodinium_sp_.3","DINOFLAGELLATES"
"449","Gyrodinium_spiral.","Gyrodinium_spiral.","DINOFLAGELLATES"
"450","Gyrodinium_spirale","Gyrodinium_spirale","DINOFLAGELLATES"
"451","Gyrodinium_spiralis","Gyrodinium_spiralis","DINOFLAGELLATES"
"452","Gyrodinium_splendens","Gyrodinium_splendens","DINOFLAGELLATES"
"453","Gyrodinium_varians","Gyrodinium_varians","DINOFLAGELLATES"
"454","Gyrodinium_virgatu","Gyrodinium_virgatu","DINOFLAGELLATES"
"455","Gyrosigma_sp.","Gyrosigma_sp.","DIATOMS"
"456","Haloppapus_adriaticus","Haloppapus_adriaticus","COCCOLITHOPHORIDS"
"457","Haloppapus_sp.","Haloppapus_sp.","COCCOLITHOPHORIDS"
"458","Haslea_waiwrikae","Haslea_waiwrikae","DIATOMS"
"459","Haslea_wawrikae","Haslea_wawrikae","DIATOMS"
"460","Helicosphaera_hyalina","Helicosphaera_hyalina","COCCOLITHOPHORIDS"
"461","Helicosphaera_sp.","Helicosphaera_sp.","COCCOLITHOPHORIDS"
"462","Helicotheca_thamensis","Helicotheca_thamensis","DIATOMS"
"463","Hellabdosphaera","Hellabdosphaera","COCCOLITHOPHORIDS"
"464","Hellabdosphaera_sp.","Hellabdosphaera_sp.","COCCOLITHOPHORIDS"
"465","Hemialus_heibergii","Hemialus_heibergii","DIATOMS"
"466","Hemiaulus_hauckii","Hemiaulus_hauckii","DIATOMS"
"467","Hemiaulus_heibergii","Hemiaulus_heibergii","DIATOMS"
"468","Hemiaulus_membranaceus","Hemiaulus_membranaceus","DIATOMS"
"469","Hemiaulus_sinensis","Hemiaulus_sinensis","DIATOMS"
"470","Hemidinium_sp","Hemidinium_sp","DINOFLAGELLATES"
"471","Hemidinium_sp.","Hemidinium_sp.","DINOFLAGELLATES"
"472","Heterocapsa_sp.","Heterocapsa_sp.","DINOFLAGELLATES"
"473","Heterocapsa_triqueta","Heterocapsa_triqueta","DINOFLAGELLATES"
"474","Heterocapsa_triquetra","Heterocapsa_triquetra","DINOFLAGELLATES"
"475","Heterolaucus_polyedricu","Heterolaucus_polyedricu","DINOFLAGELLATES"
"476","Histioneis_sp.","Histioneis_sp.","DINOFLAGELLATES"
"477","Johannebaptistia_pellucida","Johannebaptistia_pellucida","CYANOBACTERIA"
"478","Johannebaptistia_sp","Johannebaptistia_sp","CYANOBACTERIA"
"479","Johannebaptistia_sp.","Johannebaptistia_sp.","CYANOBACTERIA"
"480","Johannesbaptisitia_pellucida","Johannesbaptisitia_pellucida","CYANOBACTERIA"
"481","Johannesbaptistia_pellucida","Johannesbaptistia_pellucida","CYANOBACTERIA"
"482","Johannesbaptistia_sp","Johannesbaptistia_sp","CYANOBACTERIA"
"483","Johannesbaptistia_sp.","Johannesbaptistia_sp.","CYANOBACTERIA"
"484","Katodinium_sp.","Katodinium_sp.","DINOFLAGELLATES"
"485","Large_aked_dinoflagellate","Large_aked_dinoflagellate","DINOFLAGELLATES"
"486","Large_naked_dinoflagellate","Large_naked_dinoflagellate","DINOFLAGELLATES"
"487","Large_naked_dinoflagellate_3","Large_naked_dinoflagellate_3","DINOFLAGELLATES"
"488","Large_naked_dinoflagellate_desnudo_grand","Large_naked_dinoflagellate_desnudo_grand","DINOFLAGELLATES"
"489","Large_pennate_diato","Large_pennate_diato","DIATOMS"
"490","Lauderia_annulata","Lauderia_annulata","DIATOMS"
"491","Lauderia_borealis","Lauderia_borealis","DIATOMS"
"492","Lauderia_borialis","Lauderia_borialis","DIATOMS"
"493","Lauderia_shroederii","Lauderia_shroederii","DIATOMS"
"494","Leptocilindrus_danicus","Leptocilindrus_danicus","DIATOMS"
"495","Leptocilindrus_mediterra","Leptocilindrus_mediterra","DIATOMS"
"496","Leptocilindrus_mediterraeus","Leptocilindrus_mediterraeus","DIATOMS"
"497","Leptocilindrus_mediterranea","Leptocilindrus_mediterranea","DIATOMS"
"498","Leptocilindrus_mediterraneu","Leptocilindrus_mediterraneu","DIATOMS"
"499","Leptocilindrus_mediterraneus","Leptocilindrus_mediterraneus","DIATOMS"
"500","Leptocylindrus_danicus","Leptocylindrus_danicus","DIATOMS"
"501","Leptocylindrus_mediterranea","Leptocylindrus_mediterranea","DIATOMS"
"502","Leptocylindrus_minimu","Leptocylindrus_minimu","DIATOMS"
"503","Leptocylindrus_minimus","Leptocylindrus_minimus","DIATOMS"
"504","Licmophora_abreviata","Licmophora_abreviata","DIATOMS"
"505","Licmophora_tenuis","Licmophora_tenuis","DIATOMS"
"506","Lingulod_polyedric","Lingulod_polyedric","DINOFLAGELLATES"
"507","Lingulod_polyedric_Gona","Lingulod_polyedric_Gona","DINOFLAGELLATES"
"508","Lingulod_polyedricu","Lingulod_polyedricu","DINOFLAGELLATES"
"509","Lingulod_polyedricum_(Gonyau)","Lingulod_polyedricum_(Gonyau)","DINOFLAGELLATES"
"510","Lingulodinium_polyedric","Lingulodinium_polyedric","DINOFLAGELLATES"
"511","Lingulodinium_polyedricu","Lingulodinium_polyedricu","DINOFLAGELLATES"
"512","Lingulodinum_polyedricu","Lingulodinum_polyedricu","DINOFLAGELLATES"
"513","Lioloma_pacificu","Lioloma_pacificu","DIATOMS"
"514","Lioloma_sp","Lioloma_sp","DIATOMS"
"515","Lioloma_sp.","Lioloma_sp.","DIATOMS"
"516","Lyngbia_sp.","Lyngbia_sp.","CYANOBACTERIA"
"517","MICROPHYTOPLANKTON_ABUNDANCE","MICROPHYTOPLANKTON_ABUNDANCE","TOTAL"
"518","Mastogloia_erythrea","Mastogloia_erythrea","DIATOMS"
"519","Melosira_sp","Melosira_sp","DIATOMS"
"520","Melosira_sp.","Melosira_sp.","DIATOMS"
"521","Merismopedia_sp.","Merismopedia_sp.","CYANOBACTERIA"
"522","Mesoddinium_rubru","Mesoddinium_rubru","OTHERS"
"523","Mesodinium_robru","Mesodinium_robru","DINOFLAGELLATES"
"524","Mesodinium_rubru","Mesodinium_rubru","OTHERS"
"525","Mesoporos_perforatus","Mesoporos_perforatus","DINOFLAGELLATES"
"526","Mesoporus_perforatus","Mesoporus_perforatus","DINOFLAGELLATES"
"527","Meuniera_membranacea","Meuniera_membranacea","DIATOMS"
"528","Michaelsarsia_elegans","Michaelsarsia_elegans","COCCOLITHOPHORIDS"
"529","Microdiato","Microdiato","DIATOMS"
"530","Microdiatomea","Microdiatomea","DIATOMS"
"531","Microdiatoms","Microdiatoms","DIATOMS"
"532","Micronavicula","Micronavicula","DIATOMS"
"533","Miraltia_sp.","Miraltia_sp.","DIATOMS"
"534","Murayella_biconica","Murayella_biconica","DINOFLAGELLATES"
"535","NUMBER_OF_OTHERS","NUMBER_OF_OTHERS","OTHERS"
"536","Naked_Dinoflagellate_in_chain","Naked_Dinoflagellate_in_chain","DINOFLAGELLATES"
"537","Naked_dinnoflagellate","Naked_dinnoflagellate","DINOFLAGELLATES"
"538","Naked_dinnoflagellate_2","Naked_dinnoflagellate_2","DINOFLAGELLATES"
"539","Naked_dinnoflagellate_in_chain","Naked_dinnoflagellate_in_chain","DINOFLAGELLATES"
"540","Naked_dinoflagellate","Naked_dinoflagellate","DINOFLAGELLATES"
"541","Naked_dinoflagellate_2","Naked_dinoflagellate_2","DINOFLAGELLATES"
"542","Naked_dinoflagellate_in_chain","Naked_dinoflagellate_in_chain","DINOFLAGELLATES"
"543","Naked_dinoflagellate_in_chains","Naked_dinoflagellate_in_chains","DINOFLAGELLATES"
"544","Naked_dinoflagellate_large","Naked_dinoflagellate_large","DINOFLAGELLATES"
"545","Naked_dinoflagellte_in_chains","Naked_dinoflagellte_in_chains","DINOFLAGELLATES"
"546","Navicula_brevis","Navicula_brevis","DIATOMS"
"547","Navicula_cancellata","Navicula_cancellata","DIATOMS"
"548","Navicula_cf._directa","Navicula_cf._directa","DIATOMS"
"549","Navicula_cf_directa","Navicula_cf_directa","DIATOMS"
"550","Navicula_crabro","Navicula_crabro","DIATOMS"
"551","Navicula_distans","Navicula_distans","DIATOMS"
"552","Navicula_hennedyi","Navicula_hennedyi","DIATOMS"
"553","Navicula_lyra","Navicula_lyra","DIATOMS"
"554","Navicula_membranacea","Navicula_membranacea","DIATOMS"
"555","Navicula_septentrionalis","Navicula_septentrionalis","DIATOMS"
"556","Navicula_sp","Navicula_sp","DIATOMS"
"557","Navicula_sp.","Navicula_sp.","DIATOMS"
"558","Navicula_yaensis","Navicula_yaensis","DIATOMS"
"559","Navicula_yarrensis","Navicula_yarrensis","DIATOMS"
"560","Neostreototheca_sp.","Neostreototheca_sp.","DIATOMS"
"561","Nitzchia_cf._fontifuga","Nitzchia_cf._fontifuga","DIATOMS"
"562","Nitzchia_cf_fontifuga","Nitzchia_cf_fontifuga","DIATOMS"
"563","Nitzchia_fluminense","Nitzchia_fluminense","DIATOMS"
"564","Nitzchia_fontifuga","Nitzchia_fontifuga","DIATOMS"
"565","Nitzchia_insignis","Nitzchia_insignis","DIATOMS"
"566","Nitzchia_lanceolata","Nitzchia_lanceolata","DIATOMS"
"567","Nitzschia_angularis","Nitzschia_angularis","DIATOMS"
"568","Nitzschia_armorilan","Nitzschia_armorilan","DIATOMS"
"569","Nitzschia_cf._silicua","Nitzschia_cf._silicua","DIATOMS"
"570","Nitzschia_cf.silicua","Nitzschia_cf.silicua","DIATOMS"
"571","Nitzschia_cf_.silicua","Nitzschia_cf_.silicua","DIATOMS"
"572","Nitzschia_cf_silicua","Nitzschia_cf_silicua","DIATOMS"
"573","Nitzschia_fluminense","Nitzschia_fluminense","DIATOMS"
"574","Nitzschia_fontifuga","Nitzschia_fontifuga","DIATOMS"
"575","Nitzschia_insignis","Nitzschia_insignis","DIATOMS"
"576","Nitzschia_lanceolata","Nitzschia_lanceolata","DIATOMS"
"577","Nitzschia_longissima","Nitzschia_longissima","DIATOMS"
"578","Nitzschia_paradoxa","Nitzschia_paradoxa","DIATOMS"
"579","Nitzschia_recta","Nitzschia_recta","DIATOMS"
"580","Nitzschia_rostrata","Nitzschia_rostrata","DIATOMS"
"581","Nitzschia_sicula","Nitzschia_sicula","DIATOMS"
"582","Nitzschia_sigma","Nitzschia_sigma","DIATOMS"
"583","Nitzschia_socialis","Nitzschia_socialis","DIATOMS"
"584","Nitzschia_sp","Nitzschia_sp","DIATOMS"
"585","Nitzschia_sp.","Nitzschia_sp.","DIATOMS"
"586","Nitzschia_sp.2","Nitzschia_sp.2","DIATOMS"
"587","Nitzschia_sp._2","Nitzschia_sp._2","DIATOMS"
"588","Nitzschia_sp2","Nitzschia_sp2","DIATOMS"
"589","Noctiluca_milliaris","Noctiluca_milliaris","DINOFLAGELLATES"
"590","Ntzschia_armorilan","Ntzschia_armorilan","DIATOMS"
"591","Number_of_species","Number_of_species","COCCOLITHOPHORIDS"
"592","OTHERS_ABUNDANCE","OTHERS_ABUNDANCE","TOTAL"
"593","OTHERS_SPECIES","OTHERS_SPECIES","TOTAL"
"594","Odontella_aurita","Odontella_aurita","DIATOMS"
"595","Odontella_longicruris","Odontella_longicruris","DIATOMS"
"596","Odontella_mobiliensis","Odontella_mobiliensis","DIATOMS"
"597","Odontella_regia","Odontella_regia","DIATOMS"
"598","Odontella_sinensis","Odontella_sinensis","DIATOMS"
"599","Odontella_sp.","Odontella_sp.","DIATOMS"
"600","Onithocercus_sp.","Onithocercus_sp.","DINOFLAGELLATES"
"601","Oolithus_fragilis","Oolithus_fragilis","COCCOLITHOPHORIDS"
"602","Ophiaster_hydroideus","Ophiaster_hydroideus","COCCOLITHOPHORIDS"
"603","Ophiaster_hydroidevus","Ophiaster_hydroidevus","COCCOLITHOPHORIDS"
"604","Ophiaster_sp.","Ophiaster_sp.","COCCOLITHOPHORIDS"
"605","Ornithocercus_magnificu","Ornithocercus_magnificu","DINOFLAGELLATES"
"606","Ornithocercus_quadratus","Ornithocercus_quadratus","DINOFLAGELLATES"
"607","Ornithocercus_sp.","Ornithocercus_sp.","DINOFLAGELLATES"
"608","Ornithocercus_steinii","Ornithocercus_steinii","DINOFLAGELLATES"
"609","Ornitocercus_magnificu","Ornitocercus_magnificu","DINOFLAGELLATES"
"610","Oscillatoria_sp.","Oscillatoria_sp.","COCCOLITHOPHORIDS"
"611","Others_abundance","Others_abundance","TOTAL"
"612","Oxiphysis_oxitoxoide","Oxiphysis_oxitoxoide","DINOFLAGELLATES"
"613","Oxiphysis_oxitoxoides","Oxiphysis_oxitoxoides","DINOFLAGELLATES"
"614","Oxiphysis_oxytoxoide","Oxiphysis_oxytoxoide","DINOFLAGELLATES"
"615","Oxiphysis_sp.","Oxiphysis_sp.","DINOFLAGELLATES"
"616","Oxitoxum_elegans","Oxitoxum_elegans","DIATOMS"
"617","Oxyphisis_sp","Oxyphisis_sp","DINOFLAGELLATES"
"618","Oxyphisis_sp.","Oxyphisis_sp.","DINOFLAGELLATES"
"619","Oxyphysis_oxytoxoide","Oxyphysis_oxytoxoide","DINOFLAGELLATES"
"620","Oxyphysis_sp.","Oxyphysis_sp.","DINOFLAGELLATES"
"621","Oxytosum_elegans","Oxytosum_elegans","DINOFLAGELLATES"
"622","Oxytosum_gracile","Oxytosum_gracile","DINOFLAGELLATES"
"623","Oxytosum_longiceps","Oxytosum_longiceps","DINOFLAGELLATES"
"624","Oxytosum_scolopax","Oxytosum_scolopax","DINOFLAGELLATES"
"625","Oxytosum_sp.","Oxytosum_sp.","DINOFLAGELLATES"
"626","Oxytosus_gracile","Oxytosus_gracile","DINOFLAGELLATES"
"627","Oxytoxum_elegans","Oxytoxum_elegans","DINOFLAGELLATES"
"628","Oxytoxum_gracile","Oxytoxum_gracile","DINOFLAGELLATES"
"629","Oxytoxum_gracilis","Oxytoxum_gracilis","DINOFLAGELLATES"
"630","Oxytoxum_laticeps","Oxytoxum_laticeps","DINOFLAGELLATES"
"631","Oxytoxum_longiceps","Oxytoxum_longiceps","DINOFLAGELLATES"
"632","Oxytoxum_milneri","Oxytoxum_milneri","DINOFLAGELLATES"
"633","Oxytoxum_reticulatu","Oxytoxum_reticulatu","DINOFLAGELLATES"
"634","Oxytoxum_scolopax","Oxytoxum_scolopax","DINOFLAGELLATES"
"635","Oxytoxum_sp.","Oxytoxum_sp.","DINOFLAGELLATES"
"636","Oxytoxum_sphaeroideu","Oxytoxum_sphaeroideu","DINOFLAGELLATES"
"637","Oxytoxum_tesselatu","Oxytoxum_tesselatu","DINOFLAGELLATES"
"638","Oxytoxum_viridis","Oxytoxum_viridis","DINOFLAGELLATES"
"639","Paired-centric_diato","Paired-centric_diato","DIATOMS"
"640","Paired_centric_diato","Paired_centric_diato","DIATOMS"
"641","Paired_entric_diato","Paired_entric_diato","DIATOMS"
"642","Palmelloid_Colony","Palmelloid_Colony","OTHERS"
"643","Palmelloid_colony","Palmelloid_colony","OTHERS"
"644","Palmeloid_colony","Palmeloid_colony","OTHERS"
"645","Papposphaera_sp.","Papposphaera_sp.","COCCOLITHOPHORIDS"
"646","Paralia_sulcata","Paralia_sulcata","DIATOMS"
"647","Penate_diato","Penate_diato","DIATOMS"
"648","Pennate_diato","Pennate_diato","DIATOMS"
"649","Phaeodactilum_tricornutu","Phaeodactilum_tricornutu","DIATOMS"
"650","Phalachroma_mitra","Phalachroma_mitra","DINOFLAGELLATES"
"651","Phalachroma_rotundata","Phalachroma_rotundata","DINOFLAGELLATES"
"652","Phalachroma_scrobiculata","Phalachroma_scrobiculata","DINOFLAGELLATES"
"653","Phalacroma_favus","Phalacroma_favus","DINOFLAGELLATES"
"654","Phalacroma_ovu","Phalacroma_ovu","DINOFLAGELLATES"
"655","Plagiogramma_sp.","Plagiogramma_sp.","DIATOMS"
"656","Plagioselmis_sp.","Plagioselmis_sp.","OTHERS"
"657","Plagiotropis_seriata","Plagiotropis_seriata","DIATOMS"
"658","Plagiotropis_sp.","Plagiotropis_sp.","DIATOMS"
"659","Planktoniella_sol","Planktoniella_sol","DIATOMS"
"660","Pleurosigma_affinis","Pleurosigma_affinis","DIATOMS"
"661","Pleurosigma_angulatta","Pleurosigma_angulatta","DIATOMS"
"662","Pleurosigma_formossa","Pleurosigma_formossa","DIATOMS"
"663","Pleurosigma_lineare","Pleurosigma_lineare","DIATOMS"
"664","Pleurosigma_marinus","Pleurosigma_marinus","DIATOMS"
"665","Pleurosigma_rigida","Pleurosigma_rigida","DIATOMS"
"666","Pleurosigma_sp.","Pleurosigma_sp.","DIATOMS"
"667","Podalampas_bipes","Podalampas_bipes","DINOFLAGELLATES"
"668","Podocystis_adriaticus","Podocystis_adriaticus","DIATOMS"
"669","Podolampas_bipes","Podolampas_bipes","DINOFLAGELLATES"
"670","Podolampas_elegans","Podolampas_elegans","DINOFLAGELLATES"
"671","Podolampas_gracile","Podolampas_gracile","DINOFLAGELLATES"
"672","Podolampas_palmipes","Podolampas_palmipes","DINOFLAGELLATES"
"673","Podolampas_sp.","Podolampas_sp.","DINOFLAGELLATES"
"674","Podolampas_spinifer","Podolampas_spinifer","DINOFLAGELLATES"
"675","Podoloampas_bipes","Podoloampas_bipes","DINOFLAGELLATES"
"676","Polikrikos_sp.","Polikrikos_sp.","DINOFLAGELLATES"
"677","Polykrikos_schwarzii","Polykrikos_schwarzii","DINOFLAGELLATES"
"678","Porosira_sp.","Porosira_sp.","DIATOMS"
"679","Proboscia_alata","Proboscia_alata","DIATOMS"
"680","Pronoctiluca_pheocysticola","Pronoctiluca_pheocysticola","OTHERS"
"681","Pronoctiluca_spinifera","Pronoctiluca_spinifera","DINOFLAGELLATES"
"682","Prorocentrum_balticu","Prorocentrum_balticu","DINOFLAGELLATES"
"683","Prorocentrum_compres","Prorocentrum_compres","DINOFLAGELLATES"
"684","Prorocentrum_compressu","Prorocentrum_compressu","DINOFLAGELLATES"
"685","Prorocentrum_compresus","Prorocentrum_compresus","DINOFLAGELLATES"
"686","Prorocentrum_concavu","Prorocentrum_concavu","DINOFLAGELLATES"
"687","Prorocentrum_divergens","Prorocentrum_divergens","DINOFLAGELLATES"
"688","Prorocentrum_fragilissimus","Prorocentrum_fragilissimus","DINOFLAGELLATES"
"689","Prorocentrum_gracile","Prorocentrum_gracile","DINOFLAGELLATES"
"690","Prorocentrum_mexicanu","Prorocentrum_mexicanu","DINOFLAGELLATES"
"691","Prorocentrum_micans","Prorocentrum_micans","DINOFLAGELLATES"
"692","Prorocentrum_minimu","Prorocentrum_minimu","DINOFLAGELLATES"
"693","Prorocentrum_scutellu","Prorocentrum_scutellu","DINOFLAGELLATES"
"694","Prorocentrum_scutelu","Prorocentrum_scutelu","DINOFLAGELLATES"
"695","Prorocentrum_sp","Prorocentrum_sp","DINOFLAGELLATES"
"696","Prorocentrum_sp.","Prorocentrum_sp.","DINOFLAGELLATES"
"697","Prorocentrum_triestinu","Prorocentrum_triestinu","DINOFLAGELLATES"
"698","Prosbocia_alata","Prosbocia_alata","DIATOMS"
"699","Protoperidinium_abei","Protoperidinium_abei","DINOFLAGELLATES"
"700","Protoperidinium_acicularu","Protoperidinium_acicularu","DINOFLAGELLATES"
"701","Protoperidinium_avellana","Protoperidinium_avellana","DINOFLAGELLATES"
"702","Protoperidinium_breve","Protoperidinium_breve","DINOFLAGELLATES"
"703","Protoperidinium_brevipes","Protoperidinium_brevipes","DINOFLAGELLATES"
"704","Protoperidinium_cerasus","Protoperidinium_cerasus","DINOFLAGELLATES"
"705","Protoperidinium_conicoides","Protoperidinium_conicoides","DINOFLAGELLATES"
"706","Protoperidinium_depressu","Protoperidinium_depressu","DINOFLAGELLATES"
"707","Protoperidinium_divergens","Protoperidinium_divergens","DINOFLAGELLATES"
"708","Protoperidinium_globulus","Protoperidinium_globulus","DINOFLAGELLATES"
"709","Protoperidinium_grande","Protoperidinium_grande","DINOFLAGELLATES"
"710","Protoperidinium_hirobis","Protoperidinium_hirobis","DINOFLAGELLATES"
"711","Protoperidinium_latu","Protoperidinium_latu","DINOFLAGELLATES"
"712","Protoperidinium_leonis","Protoperidinium_leonis","DINOFLAGELLATES"
"713","Protoperidinium_minutu","Protoperidinium_minutu","DINOFLAGELLATES"
"714","Protoperidinium_murayii","Protoperidinium_murayii","DINOFLAGELLATES"
"715","Protoperidinium_nudu","Protoperidinium_nudu","DINOFLAGELLATES"
"716","Protoperidinium_oceanicu","Protoperidinium_oceanicu","DINOFLAGELLATES"
"717","Protoperidinium_okamurai","Protoperidinium_okamurai","DINOFLAGELLATES"
"718","Protoperidinium_orbiculare","Protoperidinium_orbiculare","DINOFLAGELLATES"
"719","Protoperidinium_ovatu","Protoperidinium_ovatu","DINOFLAGELLATES"
"720","Protoperidinium_pentagonu","Protoperidinium_pentagonu","DINOFLAGELLATES"
"721","Protoperidinium_piriforme","Protoperidinium_piriforme","DINOFLAGELLATES"
"722","Protoperidinium_quarnerense","Protoperidinium_quarnerense","DINOFLAGELLATES"
"723","Protoperidinium_roseu","Protoperidinium_roseu","DINOFLAGELLATES"
"724","Protoperidinium_rotundatu","Protoperidinium_rotundatu","DINOFLAGELLATES"
"725","Protoperidinium_steinii","Protoperidinium_steinii","DINOFLAGELLATES"
"726","Protoperidinium_volzii","Protoperidinium_volzii","DINOFLAGELLATES"
"727","Prymnesiophyte","Prymnesiophyte","OTHERS"
"728","Pseliodinium_vaubanii","Pseliodinium_vaubanii","DINOFLAGELLATES"
"729","Pseudoeunotia_doliolus","Pseudoeunotia_doliolus","DIATOMS"
"730","Pseudoguinardia_recta","Pseudoguinardia_recta","DIATOMS"
"731","Pseudonitzs_cf._lineola","Pseudonitzs_cf._lineola","DIATOMS"
"732","Pseudonitzs_pseudodeli","Pseudonitzs_pseudodeli","DIATOMS"
"733","Pseudonitzs_pseudodelicatissima","Pseudonitzs_pseudodelicatissima","DIATOMS"
"734","Pseudonitzscchia_pseudodelicatissima","Pseudonitzscchia_pseudodelicatissima","DIATOMS"
"735","Pseudonitzschia_cf._lineola","Pseudonitzschia_cf._lineola","DIATOMS"
"736","Pseudonitzschia_lineola","Pseudonitzschia_lineola","DIATOMS"
"737","Pseudonitzschia_pseudodeliatissima","Pseudonitzschia_pseudodeliatissima","DIATOMS"
"738","Pseudonitzschia_pseudodelicati","Pseudonitzschia_pseudodelicati","DIATOMS"
"739","Pseudonitzschia_pseudodelicatissima","Pseudonitzschia_pseudodelicatissima","DIATOMS"
"740","Pseudonitzschia_punge","Pseudonitzschia_punge","DIATOMS"
"741","Pseudonitzschia_pungens","Pseudonitzschia_pungens","DIATOMS"
"742","Pseudonitzschia_seriata","Pseudonitzschia_seriata","DIATOMS"
"743","Pseudonitzschia_sp","Pseudonitzschia_sp","DIATOMS"
"744","Pseudonitzschia_sp.","Pseudonitzschia_sp.","DIATOMS"
"745","Pseudonitzschia_subfrau","Pseudonitzschia_subfrau","DIATOMS"
"746","Pseudonitzschia_subfraudulenta","Pseudonitzschia_subfraudulenta","DIATOMS"
"747","Pseudonitzshia_pseudodelicatissima","Pseudonitzshia_pseudodelicatissima","DIATOMS"
"748","Pseudosolenia_calcaravis","Pseudosolenia_calcaravis","DIATOMS"
"749","Pyramimonas","Pyramimonas","OTHERS"
"750","Pyramimonas_sp.","Pyramimonas_sp.","OTHERS"
"751","Pyraminonas_sp.","Pyraminonas_sp.","OTHERS"
"752","Pyrocistis_elegans","Pyrocistis_elegans","DINOFLAGELLATES"
"753","Pyrocistis_obtusa","Pyrocistis_obtusa","DINOFLAGELLATES"
"754","Pyrocustis_(Disodinium)_gerbautii","Pyrocustis_(Disodinium)_gerbautii","DINOFLAGELLATES"
"755","Pyrocystis_(Disodinium)_gerbau","Pyrocystis_(Disodinium)_gerbau","DINOFLAGELLATES"
"756","Pyrocystis_(Disodinium)_gerbautii","Pyrocystis_(Disodinium)_gerbautii","DINOFLAGELLATES"
"757","Pyrocystis_hamulus","Pyrocystis_hamulus","DINOFLAGELLATES"
"758","Pyrocystis_lunula","Pyrocystis_lunula","DINOFLAGELLATES"
"759","Pyrocystis_noctiluca","Pyrocystis_noctiluca","DINOFLAGELLATES"
"760","Pyrocystis_robusta","Pyrocystis_robusta","DINOFLAGELLATES"
"761","Pyrodinium_(Disodinium)_gerbau","Pyrodinium_(Disodinium)_gerbau","DINOFLAGELLATES"
"762","Pyrodinium_(Disodinium)_gerbautii","Pyrodinium_(Disodinium)_gerbautii","DINOFLAGELLATES"
"763","Pyrodinium_bahamense","Pyrodinium_bahamense","DINOFLAGELLATES"
"764","Pyrophacus_horologiu","Pyrophacus_horologiu","DINOFLAGELLATES"
"765","RICHNESS","RICHNESS","TOTAL"
"766","Rhabdosphaera_claviger","Rhabdosphaera_claviger","COCCOLITHOPHORIDS"
"767","Rhisozolenia_acuminata","Rhisozolenia_acuminata","DIATOMS"
"768","Rhisozolenia_setigera","Rhisozolenia_setigera","DIATOMS"
"769","Rhisozolenia_settigera","Rhisozolenia_settigera","DIATOMS"
"770","Rhizosolenia_acicularis","Rhizosolenia_acicularis","DIATOMS"
"771","Rhizosolenia_acuminata","Rhizosolenia_acuminata","DIATOMS"
"772","Rhizosolenia_bergonii","Rhizosolenia_bergonii","DIATOMS"
"773","Rhizosolenia_bliliformis","Rhizosolenia_bliliformis","DIATOMS"
"774","Rhizosolenia_calcaravis","Rhizosolenia_calcaravis","DIATOMS"
"775","Rhizosolenia_castracaney","Rhizosolenia_castracaney","DIATOMS"
"776","Rhizosolenia_cylindrus","Rhizosolenia_cylindrus","DIATOMS"
"777","Rhizosolenia_delicatula","Rhizosolenia_delicatula","DIATOMS"
"778","Rhizosolenia_hebetata","Rhizosolenia_hebetata","DIATOMS"
"779","Rhizosolenia_hyalina","Rhizosolenia_hyalina","DIATOMS"
"780","Rhizosolenia_imbricata","Rhizosolenia_imbricata","DIATOMS"
"781","Rhizosolenia_robusta","Rhizosolenia_robusta","DIATOMS"
"782","Rhizosolenia_settigera","Rhizosolenia_settigera","DIATOMS"
"783","Rhizosolenia_sp","Rhizosolenia_sp","DIATOMS"
"784","Rhizosolenia_sp.","Rhizosolenia_sp.","DIATOMS"
"785","Rhizosolenia_styliformis","Rhizosolenia_styliformis","DIATOMS"
"786","Rhododmonas_sp.","Rhododmonas_sp.","OTHERS"
"787","Rhodomonas_marina","Rhodomonas_marina","OTHERS"
"788","Rhodomonas_sp","Rhodomonas_sp","OTHERS"
"789","Rhodomonas_sp.","Rhodomonas_sp.","OTHERS"
"790","SUBTOTAL","SUBTOTAL","OTHERS"
"791","Schizothrix_calcicola","Schizothrix_calcicola","CYANOBACTERIA"
"792","Schizothrix_sp.","Schizothrix_sp.","CYANOBACTERIA"
"793","Scripsiella_sp","Scripsiella_sp","DINOFLAGELLATES"
"794","Scripsiella_sp.","Scripsiella_sp.","DINOFLAGELLATES"
"795","Scripsiella_spinifera","Scripsiella_spinifera","DINOFLAGELLATES"
"796","Scripsiella_subsalsa","Scripsiella_subsalsa","DINOFLAGELLATES"
"797","Scripsiella_trochoidea","Scripsiella_trochoidea","DINOFLAGELLATES"
"798","Scripsiella_trocoidea","Scripsiella_trocoidea","DINOFLAGELLATES"
"799","Shroderella_delicatula","Shroderella_delicatula","OTHERS"
"800","Shroderella_sp.","Shroderella_sp.","DIATOMS"
"801","Shroredella_delicatula","Shroredella_delicatula","DIATOMS"
"802","Shroredella_sp.","Shroredella_sp.","DIATOMS"
"803","Siracolithus_quadriperforatus","Siracolithus_quadriperforatus","COCCOLITHOPHORIDS"
"804","Skeletonema_costatu","Skeletonema_costatu","DIATOMS"
"805","Small_centri_diato","Small_centri_diato","DIATOMS"
"806","Small_centric_diato","Small_centric_diato","DIATOMS"
"807","Sphaerodinium_javanicu","Sphaerodinium_javanicu","DINOFLAGELLATES"
"808","Staurastrum_sp.","Staurastrum_sp.","OTHERS"
"809","Stauroneis_constrictor","Stauroneis_constrictor","DIATOMS"
"810","Stephanopyxis_cf._Niponica","Stephanopyxis_cf._Niponica","DIATOMS"
"811","Stephanopyxis_cf._niponi","Stephanopyxis_cf._niponi","DIATOMS"
"812","Stephanopyxis_cf._niponica","Stephanopyxis_cf._niponica","DIATOMS"
"813","Stephanopyxis_palmeriana","Stephanopyxis_palmeriana","DIATOMS"
"814","Stephanopyxis_turris","Stephanopyxis_turris","DIATOMS"
"815","Streptotheca_thamensis","Streptotheca_thamensis","DIATOMS"
"816","Striatella_sp.","Striatella_sp.","DIATOMS"
"817","Striatella_unipunctata","Striatella_unipunctata","DIATOMS"
"818","Surirella_recedens","Surirella_recedens","DIATOMS"
"819","Synechococcus_sp","Synechococcus_sp","CYANOBACTERIA"
"820","Synechococcus_sp.","Synechococcus_sp.","CYANOBACTERIA"
"821","Synedra_affinis","Synedra_affinis","DIATOMS"
"822","Synedra_decipiens","Synedra_decipiens","DIATOMS"
"823","Synedra_fulgens","Synedra_fulgens","DIATOMS"
"824","Synedra_gaillonii","Synedra_gaillonii","DIATOMS"
"825","Synedra_hennedeyana","Synedra_hennedeyana","DIATOMS"
"826","Synedra_sp.","Synedra_sp.","DIATOMS"
"827","Syrachosphaera_pulchra","Syrachosphaera_pulchra","COCCOLITHOPHORIDS"
"828","Syracolithus_quadriperforatus","Syracolithus_quadriperforatus","COCCOLITHOPHORIDS"
"829","Syracosphaera_florida","Syracosphaera_florida","COCCOLITHOPHORIDS"
"830","Syracosphaera_hystrica","Syracosphaera_hystrica","COCCOLITHOPHORIDS"
"831","Syracosphaera_lamina","Syracosphaera_lamina","COCCOLITHOPHORIDS"
"832","Syracosphaera_pulchra","Syracosphaera_pulchra","COCCOLITHOPHORIDS"
"833","Syracosphaera_rotula","Syracosphaera_rotula","COCCOLITHOPHORIDS"
"834","Syracosphaera_sp.","Syracosphaera_sp.","COCCOLITHOPHORIDS"
"835","Syracosphaerra_florida","Syracosphaerra_florida","COCCOLITHOPHORIDS"
"836","Syraqcosphaera_florida","Syraqcosphaera_florida","COCCOLITHOPHORIDS"
"837","TOTAL_ABUNDANCE","TOTAL_ABUNDANCE","TOTAL"
"838","TOTAL_NUMBER_OF_SPECIES","TOTAL_NUMBER_OF_SPECIES","TOTAL"
"839","Teleaula_aculata","Teleaula_aculata","OTHERS"
"840","Teleaulax_aculata","Teleaulax_aculata","OTHERS"
"841","Teleaulax_aculeata","Teleaulax_aculeata","OTHERS"
"842","Teleaulax_sculeata","Teleaulax_sculeata","OTHERS"
"843","Teleaulax_sp.","Teleaulax_sp.","OTHERS"
"844","Tetraselmis_sp.","Tetraselmis_sp.","OTHERS"
"845","Thalasionema_bacillare","Thalasionema_bacillare","DIATOMS"
"846","Thalasionema_mediterran","Thalasionema_mediterran","DIATOMS"
"847","Thalasionema_mediterranea","Thalasionema_mediterranea","DIATOMS"
"848","Thalasiosira_gravida","Thalasiosira_gravida","DIATOMS"
"849","Thalasiosira_sp._Large","Thalasiosira_sp._Large","DIATOMS"
"850","Thalasiosira_subtilis","Thalasiosira_subtilis","DIATOMS"
"851","Thalasiothrix_mediterraneus","Thalasiothrix_mediterraneus","DIATOMS"
"852","Thalasiotrhrix_mediterran","Thalasiotrhrix_mediterran","DIATOMS"
"853","Thalassionema_bacillare","Thalassionema_bacillare","DIATOMS"
"854","Thalassionema_delicatula","Thalassionema_delicatula","DIATOMS"
"855","Thalassionema_frauenfeldianu","Thalassionema_frauenfeldianu","DIATOMS"
"856","Thalassionema_mediteraneu","Thalassionema_mediteraneu","DIATOMS"
"857","Thalassionema_mediterranea","Thalassionema_mediterranea","DIATOMS"
"858","Thalassionema_mediterraneu","Thalassionema_mediterraneu","DIATOMS"
"859","Thalassionema_nitzschi","Thalassionema_nitzschi","DIATOMS"
"860","Thalassionema_nitzschiodes","Thalassionema_nitzschiodes","DIATOMS"
"861","Thalassionema_nitzschioides","Thalassionema_nitzschioides","DIATOMS"
"862","Thalassionema_sp.","Thalassionema_sp.","DIATOMS"
"863","Thalassiosira_a","Thalassiosira_a","DIATOMS"
"864","Thalassiosira_aestivalis","Thalassiosira_aestivalis","DIATOMS"
"865","Thalassiosira_anguste-lineata","Thalassiosira_anguste-lineata","DIATOMS"
"866","Thalassiosira_angustilineata","Thalassiosira_angustilineata","DIATOMS"
"867","Thalassiosira_angustilline","Thalassiosira_angustilline","DIATOMS"
"868","Thalassiosira_b","Thalassiosira_b","DIATOMS"
"869","Thalassiosira_centralis","Thalassiosira_centralis","DIATOMS"
"870","Thalassiosira_cf._Pacifica","Thalassiosira_cf._Pacifica","DIATOMS"
"871","Thalassiosira_cf._pacifica","Thalassiosira_cf._pacifica","DIATOMS"
"872","Thalassiosira_cf.pacifica","Thalassiosira_cf.pacifica","DIATOMS"
"873","Thalassiosira_cf_pacifica","Thalassiosira_cf_pacifica","DIATOMS"
"874","Thalassiosira_decipiens","Thalassiosira_decipiens","DIATOMS"
"875","Thalassiosira_eccentrica","Thalassiosira_eccentrica","DIATOMS"
"876","Thalassiosira_gravida","Thalassiosira_gravida","DIATOMS"
"877","Thalassiosira_hyalina","Thalassiosira_hyalina","DIATOMS"
"878","Thalassiosira_nordeskioldii","Thalassiosira_nordeskioldii","DIATOMS"
"879","Thalassiosira_pequena","Thalassiosira_pequena","DIATOMS"
"880","Thalassiosira_rotula","Thalassiosira_rotula","DIATOMS"
"881","Thalassiosira_s._small","Thalassiosira_s._small","DIATOMS"
"882","Thalassiosira_small","Thalassiosira_small","DIATOMS"
"883","Thalassiosira_socialis","Thalassiosira_socialis","DIATOMS"
"884","Thalassiosira_sp","Thalassiosira_sp","DIATOMS"
"885","Thalassiosira_sp.","Thalassiosira_sp.","DIATOMS"
"886","Thalassiosira_sp._3","Thalassiosira_sp._3","DIATOMS"
"887","Thalassiosira_sp._3_peque","Thalassiosira_sp._3_peque","DIATOMS"
"888","Thalassiosira_sp._3_small","Thalassiosira_sp._3_small","DIATOMS"
"889","Thalassiosira_sp._Grande","Thalassiosira_sp._Grande","DIATOMS"
"890","Thalassiosira_sp._Large","Thalassiosira_sp._Large","DIATOMS"
"891","Thalassiosira_sp._a","Thalassiosira_sp._a","DIATOMS"
"892","Thalassiosira_sp._b","Thalassiosira_sp._b","DIATOMS"
"893","Thalassiosira_sp._grande","Thalassiosira_sp._grande","DIATOMS"
"894","Thalassiosira_sp._large","Thalassiosira_sp._large","DIATOMS"
"895","Thalassiosira_sp._porosira","Thalassiosira_sp._porosira","DIATOMS"
"896","Thalassiosira_sp._small","Thalassiosira_sp._small","DIATOMS"
"897","Thalassiosira_sp._small_3","Thalassiosira_sp._small_3","DIATOMS"
"898","Thalassiosira_sp._x","Thalassiosira_sp._x","DIATOMS"
"899","Thalassiosira_sp3_peque","Thalassiosira_sp3_peque","DIATOMS"
"900","Thalassiosira_sp3_small","Thalassiosira_sp3_small","DIATOMS"
"901","Thalassiosira_sp_3_small","Thalassiosira_sp_3_small","DIATOMS"
"902","Thalassiosira_subtilis","Thalassiosira_subtilis","DIATOMS"
"903","Thalassiosira_x","Thalassiosira_x","DIATOMS"
"904","Thalassiothrix_delicatula","Thalassiothrix_delicatula","DIATOMS"
"905","Thalassiotrhrix_frauenfe","Thalassiotrhrix_frauenfe","DIATOMS"
"906","Thalassiotrhrix_frauenfeldianu","Thalassiotrhrix_frauenfeldianu","DIATOMS"
"907","Thecate_dinoflagellate","Thecate_dinoflagellate","DINOFLAGELLATES"
"908","Thecate_dinoflagellate_in_chai","Thecate_dinoflagellate_in_chai","DINOFLAGELLATES"
"909","Thecate_dinoflagellate_in_chain","Thecate_dinoflagellate_in_chain","DINOFLAGELLATES"
"910","Thecate_dinoflagellate_in_chains","Thecate_dinoflagellate_in_chains","DINOFLAGELLATES"
"911","Thoracosphaera_heimii","Thoracosphaera_heimii","DINOFLAGELLATES"
"912","Thorocosphaera_sp.","Thorocosphaera_sp.","COCCOLITHOPHORIDS"
"913","Torodinium_sp","Torodinium_sp","DINOFLAGELLATES"
"914","Torodinium_sp.","Torodinium_sp.","DINOFLAGELLATES"
"915","Torodirium_sp","Torodirium_sp","DINOFLAGELLATES"
"916","Torodirium_sp.","Torodirium_sp.","DINOFLAGELLATES"
"917","Torodirnum_sp.","Torodirnum_sp.","DINOFLAGELLATES"
"918","Trichodesmium_thiebautii","Trichodesmium_thiebautii","CYANOBACTERIA"
"919","Tropidoneis_lepidoptera","Tropidoneis_lepidoptera","DIATOMS"
"920","Tselidionium_vaubanii","Tselidionium_vaubanii","DINOFLAGELLATES"
"921","Tseliodinium_vaubanii","Tseliodinium_vaubanii","DINOFLAGELLATES"
"922","Umbellosphaera_iiregularis","Umbellosphaera_iiregularis","COCCOLITHOPHORIDS"
"923","Umbellosphaera_iregularis","Umbellosphaera_iregularis","COCCOLITHOPHORIDS"
"924","Umbellosphaera_irregularis","Umbellosphaera_irregularis","COCCOLITHOPHORIDS"
"925","Umbellosphaera_sp.","Umbellosphaera_sp.","COCCOLITHOPHORIDS"
"926","Umbilicosphaera_siboga","Umbilicosphaera_siboga","COCCOLITHOPHORIDS"
"927","Umbilicosphaera_sibogae","Umbilicosphaera_sibogae","COCCOLITHOPHORIDS"
"928","Zigospahera_helenica","Zigospahera_helenica","COCCOLITHOPHORIDS"
"929","ceratium_macroceros","ceratium_macroceros","DINOFLAGELLATES"
"930","chaetoceros_diadema","chaetoceros_diadema","DIATOMS"
"931","chlorophyte","chlorophyte","OTHERS"
"932","clorofita","clorofita","OTHERS"
"933","clorophyte","clorophyte","OTHERS"
"934","coCcolithophorid","coCcolithophorid","COCCOLITHOPHORIDS"
"935","coccolithophorid","coccolithophorid","COCCOLITHOPHORIDS"
"936","cocolithoforido","cocolithoforido","COCCOLITHOPHORIDS"
"937","cocolithoforitdo","cocolithoforitdo","COCCOLITHOPHORIDS"
"938","cocolithophforid","cocolithophforid","COCCOLITHOPHORIDS"
"939","cocolithophorid","cocolithophorid","COCCOLITHOPHORIDS"
"940","cocolitophorid","cocolitophorid","COCCOLITHOPHORIDS"
"941","cocolittophorid","cocolittophorid","COCCOLITHOPHORIDS"
"942","diatomea_cent_pareada","diatomea_cent_pareada","DIATOMS"
"943","diatomea_pennada","diatomea_pennada","DIATOMS"
"944","diatomea_pennada_grand","diatomea_pennada_grand","DIATOMS"
"945","dinnoflagelado_desnudo","dinnoflagelado_desnudo","DINOFLAGELLATES"
"946","dinnoflagelado_desnudo_grande","dinnoflagelado_desnudo_grande","DINOFLAGELLATES"
"947","dinoflagelado_tecado","dinoflagelado_tecado","DINOFLAGELLATES"
"948","dinoflagelado_tecadocad","dinoflagelado_tecadocad","DINOFLAGELLATES"
"949","green_flagellate","green_flagellate","OTHERS"
"950","large_naked_dinoflagellate","large_naked_dinoflagellate","DINOFLAGELLATES"
"951","large_pennate_diato","large_pennate_diato","DIATOMS"
"952","mesoporus_perforatus","mesoporus_perforatus","DINOFLAGELLATES"
"953","micronavicula","micronavicula","DIATOMS"
"954","naked_dinoflagellate","naked_dinoflagellate","DINOFLAGELLATES"
"955","naked_dinoflagellate_(with_internal_star","naked_dinoflagellate_(with_internal_star","DINOFLAGELLATES"
"956","naked_dinoflagellate_in_chains","naked_dinoflagellate_in_chains","DINOFLAGELLATES"
"957","naked_dinoflagellate_with_interna_star","naked_dinoflagellate_with_interna_star","DINOFLAGELLATES"
"958","nanoflagelados","nanoflagelados","NANOFLAGELLATES"
"959","nanoflagellate","nanoflagellate","NANOFLAGELLATES"
"960","nanoflagellates","nanoflagellates","NANOFLAGELLATES"
"961","nanoflagelltes","nanoflagelltes","NANOFLAGELLATES"
"962","pennate_diato","pennate_diato","DIATOMS"
"963","prymnesiophyta","prymnesiophyta","OTHERS"
"964","prymnesiophyte","prymnesiophyte","OTHERS"
"965","thecate_dinoflagelalte_in_chains","thecate_dinoflagelalte_in_chains","DINOFLAGELLATES"
"966","thecate_dinoflagellate","thecate_dinoflagellate","DINOFLAGELLATES"
